6,0,0,0,0,0,0.0277163124367399,0.0432979049209076,0.0055242717280199,1.00093060829929,1.00479569395763,1.00172945318244,0.0824595182342766,0,0,0
6,0,0,0,0,0,0.0277163124367399,0.0432979049209076,0.0055242717280199,1.00093060829929,1.00479569395763,1.00172945318244,0.501510306046112,0,0,0
6,0,0,0,0,0,0.0277163124367399,0.0432979049209076,0.0055242717280199,1.00093060829929,1.00479569395763,1.00172945318244,1.0198062967846,0,0,0
6,0,0,0,0,0,0.139982919997539,0.0432979049209076,0.0055242717280199,1.00093060829929,1.00093060829929,1.00172945318244,0.743347789395486,0,0,0
6,0,0,0,0,0,0.43616644344846,0.0432979049209076,0.0055242717280199,1.00093060829929,1.00093060829929,1.00172945318244,0.00554589289715157,0,0,0
6,0,0,0,0,0,0.0277119942477856,0.605633253392158,0.0055242717280199,1.00093060829929,1.00093060829929,1.00172945318244,0.764719449444868,0,0,0
6,0,0,0,0,0,1.00093060829929,0.601555821920459,0.0055242717280199,1.00093060829929,1.00093060829929,1.00172945318244,1.00000762936543,0,0,0
6,0,0,0,0,0,0.0432979049209076,1.01284535518702,0.0055242717280199,1.00093060829929,1.00093060829929,1.00000774903946,0.915619230109806,0,0,0
6,0,0,0,0,0,0.0432979049209076,1.0198062967846,0.0055242717280199,1.00093060829929,1.00093060829929,1.00000774903946,1.00172945318244,0,0,0
6,0,0,0,0,0,0.0432979049209076,0.0055242717280199,0.0055242717280199,1.00093060829929,1.00093060829929,1.00000774903946,1.00172945318244,0,0,0
6,0,0,0,0,0,0.219966318931456,0.0055242717280199,0.0055242717280199,1.00093060829929,1.00093060829929,1.00000774903946,0.899966179709799,0,0,0
6,0,0,0,0,0,0.247101674332271,0.0055242717280199,0.0055242717280199,1.00093060829929,1.00093060829929,1.00000774903946,0.0355242568148714,0,0,0
6,0,0,0,0,0,0.0055242717280199,0.0055242717280199,0.0055242717280199,1.00093060829929,1.00093060829929,1.00000774903946,0.00554589289715157,0,0,0
6,0,0,0,0,0,0.0277119942477856,0.0055242717280199,0.0055242717280199,1.00093060829929,1.00093060829929,1.00000774903946,1.00000762936543,0,0,0
6,0,0,0,0,0,0.0432979049209076,0.0055242717280199,0.0055242717280199,1.00093060829929,1.00093060829929,1.00000774903946,0.89804926704347,0,0,0
6,0,0,0,0,0,0.0055242717280199,0.0055242717280199,0.0055242717280199,1.00093060829929,1.00093060829929,1.00000774903946,1.00000762936543,0,0,0
6,0,0,0,0,0,0.0055242717280199,0.0055242717280199,0.0055242717280199,1.00093060829929,1.00093060829929,1.00000774903946,0.913735156356992,0,0,0
6,0,0,0,0,0,0.0055242717280199,0.647075999661274,0.0511442652320805,1.00093060829929,1.00093060829929,1.00000774903946,1.00000762936543,0,0,0
6,0,0,0,0,0,0.0055242717280199,0.686290413825158,0.513747760838597,1.00093060829929,1.00093060829929,1.00000774903946,0.89804926704347,0,0,0
6,0,0,0,0,0,0.0055242717280199,0.803934050678007,0.0055242717280199,1.00093060829929,1.00093060829929,1.00000774903946,0.0667952266846672,0,0,0
6,0,0,0,0,0,0.0473761983344975,0.0277119942477856,0.0055242717280199,1.00093060829929,1.00093060829929,1.00000774903946,0.647075999661274,0,0,0
6,0,0,0,0,0,0.0473761983344975,0.0277119942477856,0.247101190017187,1.00093060829929,1.00093060829929,0.937264127165728,1.00000762936543,0,0,0
6,0,0,0,0,0,0.0473761983344975,1.00937729420416,0.552961795545686,1.00093060829929,1.00093060829929,0.552962011970995,0.435320260662669,0,0,0
6,0,0,0,0,0,0.0473761983344975,1.00937729420416,0.0055242717280199,1.00093060829929,1.00093060829929,0.0055242717280199,1.00000762936543,0,0,0
6,0,0,0,0,0,0.0473761983344975,0.704426876792008,0.0055242717280199,0.755414122531544,1.00093060829929,1.00937729420416,1.00000762936543,0,0,0
6,0,0,0,0,0,0.501512215075245,0.0055242717280199,0.749033623219531,1.00736398105296,0.94237091027289,1.00736398105296,0.89804926704347,0,0,0
6,0,0,0,0,0,0.648501482788568,0.647075999661274,1.00000762936543,1.00736398105296,0.632851073331581,1.00736398105296,0.53727616321418,0,0,0
6,0,0,0,0,0,0.0511091539511686,0.701976200567231,0.00554589289715157,0,0.0055242717280199,0.658387637240745,0.00554589289715157,0,0,0
6,0,0,0,0,0,0.0511091539511686,0.940868141288213,0.0055242717280199,0,1.00000762936543,0.253979598968199,0.552961795545686,0,0,0
6,0,0,0,0,0,0.0720761431167893,0.0055242717280199,0.0055242717280199,0,1.00000762936543,0.0055242717280199,0.882363382915303,0,0,0
6,0,0,0,0,0,0.0277119942477856,0.0055242717280199,0.568647450100601,0,1.00000762936543,1.00736398105296,1.00000762936543,0,0,0
6,0,0,0,0,0,0.914138596171172,0.568647450100601,1.00479569395763,0,1.00000762936543,1.00172945318244,0.717661998168463,0,0,0
6,0,0,0,0,0,0.938248702937108,0.0981307565692231,0.0055242717280199,0,1.00172945318244,0.687634609330886,0.733347805932043,0,0,0
6,0,0,0,0,0,0.0432979049209076,0.0667952266846672,0.0055242717280199,0,1.00338642274966,0.364736822436873,0.733347805932043,0,0,0
6,0,0,0,0,0,0.0277163124367399,0.701976200567231,0.0055242717280199,0,0.552962011970995,0.0055242717280199,1.00000762936543,0,0,0
6,0,0,0,0,0,0.0277163124367399,1.01284535518702,0.0055242717280199,0,1.00479569395763,1.01284535518702,1.00000762936543,0,0,0
6,0,0,0,0,0,0.600633016152234,0.0055242717280199,0.0055242717280199,0,0.702239547277776,1.00479569395763,0.00556743010089506,0,0,0
6,0,0,0,0,0,1.00937729420416,0.0055242717280199,0.0055242717280199,0,0.568972510850924,0.671980211980225,0.0055242717280199,0,0,0
6,0,0,0,0,0,1.00093060829929,0.513747760838597,0.749033623219531,0,0.0055242717280199,0.349051742067766,0.600018818909095,0,0,0
6,0,0,0,0,0,0.0277119942477856,0.917431736170076,0.00554589289715157,0,1.00172945318244,1.00937729420416,0.600018818909095,0,0,0
6,0,0,0,0,0,1.00736398105296,1.00937729420416,0.00554589289715157,0,1.00736398105296,0.601555821920459,0.96863580615201,0,0,0
6,0,0,0,0,0,0,0.0277119942477856,0.901810146653173,0,0.918972830811368,1.00479569395763,1.00000762936543,0,0,0
6,0,0,0,0,0,0,0.0277119942477856,1.00338642274966,0,0.571669975676572,0.568972510850924,1.00000762936543,0,0,0
6,0,0,0,0,0,0,0.0277119942477856,0.00556743010089506,0,0.0055242717280199,1.00479569395763,0.0667952266846672,0,0,0
6,0,0,0,0,0,0,0.48428716939969,0.00554589289715157,0,1.00000762936543,1.00479569395763,1.00172945318244,0,0,0
6,0,0,0,0,0,0,0.755414122531544,0.00554589289715157,0,1.00479569395763,0.554629219546214,0.0824609695391139,0,0,0
6,0,0,0,0,0,0,0.0055242717280199,0.00554589289715157,0,0.903377890942676,0.200050946262385,1.00093060829929,0,0,0
6,0,0,0,0,0,0,0.0055242717280199,0.00554589289715157,0,1.00937729420416,1.00479569395763,0.0824609695391139,0,0,0
6,0,0,0,0,0,0,0.0055242717280199,0.00554589289715157,0,1.00937729420416,1.00093060829929,1.00000774903946,0,0,0
6,0,0,0,0,0,0,0.0055242717280199,0.00554589289715157,0,1.00937729420416,0.600326893153351,0.866677642338782,0,0,0
6,0,0,0,0,0,0,0.0055242717280199,0.770970144795494,0,0.776931850051927,1.00019250866378,0.568647660556004,0,0,0
6,0,0,0,0,0,0,0.605633253392158,1.0198062967846,0,0.554520458435934,0.543539078749131,1.00000774903946,0,0,0
6,0,0,0,0,0,0,0.0432979049209076,0.0200138083861211,0,1.0198062967846,1.00479569395763,0.435320260662669,0,0,0
6,0,0,0,0,0,0,1.00479569395763,0.38492503591509,0,1.0198062967846,0.482376904457222,0.0667952266846672,0,0,0
6,0,0,0,0,0,0,1.00172945318244,0.577026039544697,0,0.79237596547904,0.231417764963828,0.00554589289715157,0,0,0
6,0,0,0,0,0,0,0.0055242717280199,0.00556743010089506,0,0.446209431937669,0.0055242717280199,1.00479569395763,0,0,0
6,0,0,0,0,0,0,0.0277119942477856,0.00554589289715157,0,0.0055242717280199,1.01545374279214,0.703290416545071,0,0,0
6,0,0,0,0,0,0,1.00479569395763,0.605633253392158,0,1.00937729420416,1.01284535518702,1.00093060829929,0,0,0
6,0,0,0,0,0,0,1.00479569395763,1.00937729420416,0,1.00937729420416,0.677723918169027,0.592489939900493,0,0,0
6,0,0,0,0,0,0,0.0432979049209076,0.0055242717280199,0,1.00937729420416,0.38492503591509,0.051146605127135,0,0,0
6,0,0,0,0,0,0,0.0511091539511686,0.0055242717280199,0,0.769132557449343,0.0055242717280199,0.546136249817638,0,0,0
6,0,0,0,0,0,0,0.0511091539511686,0.706781183063124,0,1.00937729420416,1.02468077703137,0.921780270724293,0,0,0
6,0,0,0,0,0,0,1.00479569395763,1.00479569395763,0,1.00937729420416,1.02468077703137,1.00736398105296,0,0,0
6,0,0,0,0,0,0,1.00479569395763,0.00554589289715157,0,0.854959537766219,1.01284535518702,0.939100869611976,0,0,0
6,0,0,0,0,0,0,0.0277119942477856,0.00554589289715157,0,0.408193432998587,1.01284535518702,1.00172945318244,0,0,0
6,0,0,0,0,0,0,0.0277119942477856,0.556069587297531,0,1.01545374279214,0.671980211980225,0.704426876792008,0,0,0
6,0,0,0,0,0,0,0.0277119942477856,0.0055242717280199,0,1.01545374279214,1.01545374279214,0.00554589289715157,0,0,0
6,0,0,0,0,0,0,0.649733782346104,0.0055242717280199,0,1.01545374279214,1.01545374279214,0.636728130166168,0,0,0
6,0,0,0,0,0,0,0.675632767130901,0.918972830811368,0,0.774314385694258,0.499912764717667,1.01284535518702,0,0,0
6,0,0,0,0,0,0,0.0055242717280199,1.00937729420416,0,0.543539078749131,1.01284535518702,0.918972830811368,0,0,0
6,0,0,0,0,0,0,0.0055242717280199,1.00937729420416,0,0.00554589289715157,0.515542030884006,0.571669975676572,0,0,0
6,0,0,0,0,0,0,0.0055242717280199,0.00554589289715157,0,1.03804150232363,1.01284535518702,1.00937729420416,0,0,0
6,0,0,0,0,0,0,1.02468077703137,0.00554589289715157,0,1.03804150232363,0.649733782346104,0.0824609695391139,0,0,0
6,0,0,0,0,0,0,1.02468077703137,0.821719797718195,0,0.912322827058589,0.421829653881321,0.753538601056829,0,0,0
6,0,0,0,0,0,0,0.0055242717280199,1.00937729420416,0,0.42762423647591,0.051146605127135,1.00479569395763,0,0,0
6,0,0,0,0,0,0,0.0055242717280199,1.00937729420416,0,1.03804150232363,1.03804150232363,1.00479569395763,0,0,0
6,0,0,0,0,0,0,0.0055242717280199,0.00554589289715157,0,1.03804150232363,1.0198062967846,0.859624155187566,0,0,0
6,0,0,0,0,0,0,0.0055242717280199,0.00554589289715157,0,0.908471105376039,0.776931850051927,0.581486761706342,0,0,0
6,0,0,0,0,0,0,0.0055242717280199,0.751330824136422,0,0.550847172173883,0.489342715459354,0.36725949154893,0,0,0
6,0,0,0,0,0,0,0.0511442652320805,1.00338642274966,0,0.0055242717280199,1.0198062967846,0.098131976107433,0,0,0
6,0,0,0,0,0,0,0.0055242717280199,0.00554589289715157,0,1.02821675664017,1.0198062967846,0.6341137877067,0,0,0
6,0,0,0,0,0,0,1.02468077703137,0.00554589289715157,0,1.02821675664017,0.786531331359225,1.00338642274966,0,0,0
6,0,0,0,0,0,0,0.0055242717280199,0.701976200567231,0,0.866041114141231,0.443026843332002,1.00338642274966,0,0,0
6,0,0,0,0,0,0,0.0055242717280199,1.00479569395763,0,0.51267229301001,0.00554589289715157,0.901810146653173,0,0,0
6,0,0,0,0,0,0,0.0055242717280199,1.00479569395763,0,1.03394434000755,1.04924080586561,0.600326893153351,0,0,0
6,0,0,0,0,0,0,1.04924080586561,0.0055242717280199,0,1.03394434000755,1.04924080586561,0.113806071982621,0,0,0
6,0,0,0,0,0,0,1.04924080586561,0.749033623219531,0,0.766088652473224,0.715260686343555,0.568647450100601,0,0,0
6,0,0,0,0,0,0,0.0055242717280199,0.751330824136422,0,0.482252593205047,0.4237216912508,0.915619230109806,0,0,0
6,0,0,0,0,0,0,0.0277119942477856,0.89804926704347,0,0.00554589289715157,1.02821675664017,1.00479569395763,0,0,0
6,0,0,0,0,0,0,0.0277119942477856,0.0433310600996568,0,1.04924080586561,1.01545374279214,0.671980211980225,0,0,0
6,0,0,0,0,0,0,0.97370587823753,0.0433310600996568,0,1.03394434000755,0.691204446367072,0.0824609695391139,0,0,0
6,0,0,0,0,0,0,1.06177117265315,1.00479569395763,0,0.958359759638457,0.38492503591509,1.00338642274966,0,0,0
6,0,0,0,0,0,0,0.0277119942477856,1.00479569395763,0,0.646127634791648,1.01545374279214,0.513747993783503,0,0,0
6,0,0,0,0,0,0,0.0387993772147648,0.00554589289715157,0,0.0055242717280199,1.00736398105296,0.184367557957344,0,0,0
6,0,0,0,0,0,0,0.0387993772147648,0.00554589289715157,0,1.03804150232363,0.743347789395486,0.737948547687876,0,0,0
6,0,0,0,0,0,0,0.921780270724293,0.984321715789856,0,1.03804150232363,0.38492503591509,1.00736398105296,0,0,0
6,0,0,0,0,0,0,0.0387993772147648,1.00000762936543,0,0.689602085398903,1.0198062967846,0.782610404982664,0,0,0
6,0,0,0,0,0,0,0.0511091539511686,0.00556743010089506,0,0.274018428386929,0.681525871105028,0.247101674332271,0,0,0
6,0,0,0,0,0,0,0.0511091539511686,0.0055242717280199,0,0.0055242717280199,1.0198062967846,0.0055242717280199,0,0,0
6,0,0,0,0,0,0,0.0511091539511686,0.866677504254038,0,1.03394434000755,0.758826923775898,0.892968310062337,0,0,0
6,0,0,0,0,0,0,0.0511091539511686,0.913735156356992,0,1.02468077703137,1.0198062967846,1.01284535518702,0,0,0
6,0,0,0,0,0,0,0.0511091539511686,1.00000762936543,0,0.796789095142406,1.0198062967846,1.01545374279214,0,0,0
6,0,0,0,0,0,0,0.861982609983503,0.0055242717280199,0,1.03394434000755,0.677723918169027,1.01545374279214,0,0,0
6,0,0,0,0,0,0,0.0432979049209076,0.0055242717280199,0,1.01545374279214,1.01545374279214,0.753538601056829,0,0,0
6,0,0,0,0,0,0,0.0432979049209076,0.0055242717280199,0,0.699872699406224,1.01545374279214,1.01284535518702,0,0,0
6,0,0,0,0,0,0,0.0432979049209076,1.00000762936543,0,1.03394434000755,0.636728130166168,0.0055242717280199,0,0,0
6,0,0,0,0,0,0,0.0432979049209076,1.00000762936543,0,1.03804150232363,1.01284535518702,0.0055242717280199,0,0,0
6,0,0,0,0,0,0,0.0667952266846672,0.0055242717280199,0,0.651532126537489,1.01284535518702,0.0055242717280199,0,0,0
6,0,0,0,0,0,0,1.03804150232363,0.0055242717280199,0,0.369599527630182,0.364736822436873,0.380421666956676,0,0,0
6,0,0,0,0,0,0,0.0277119942477856,0.631390257428479,0,1.06177117265315,0.270628000406852,0.937264127165728,0,0,0
6,0,0,0,0,0,0,0.784730184185811,0.00554589289715157,0,1.04459884543601,1.00736398105296,1.00172945318244,0,0,0
6,0,0,0,0,0,0,0.0055242717280199,0.00554589289715157,0,0.735444898241882,1.00736398105296,0.704426876792008,0,0,0
6,0,0,0,0,0,0,0.0432979049209076,0.780405284069113,0,1.04924080586561,0.704426876792008,0.501510306046112,0,0,0
6,0,0,0,0,0,0,0.0432979049209076,1.00000762936543,0,1.04924080586561,1.00736398105296,1.00479569395763,0,0,0
6,0,0,0,0,0,0,0.0432979049209076,0.00554589289715157,0,0.689602085398903,1.00736398105296,1.00019250866378,0,0,0
6,0,0,0,0,0,0,0.0432979049209076,0.00554589289715157,0,0.415661362127583,0.649733782346104,0.898255131705577,0,0,0
6,0,0,0,0,0,0,0.758826923775898,0.0055242717280199,0,1.06177117265315,0.540474156775592,0.514107534825898,0,0,0
6,0,0,0,0,0,0,0.0277119942477856,0.913735156356992,0,1.03804150232363,1.00937729420416,1.00092929309791,0,0,0
6,0,0,0,0,0,0,0.0277119942477856,1.00000762936543,0,0.935361726892428,1.00937729420416,0.484284451119634,0,0,0
6,0,0,0,0,0,0,0.846500433301681,0.0055242717280199,0,1.04924080586561,0.720059290752704,0.0433006688221051,0,0,0
6,0,0,0,0,0,0,0.0277119942477856,0.0055242717280199,0,1.04924080586561,0.36725949154893,0.601555821920459,0,0,0
6,0,0,0,0,0,0,0.0277119942477856,0.0055242717280199,0,1.04924080586561,1.01284535518702,0.914745188456365,0,0,0
6,0,0,0,0,0,0,1.01545374279214,0.85099163136198,0,0.91521775059208,1.01284535518702,1.00172945318244,0,0,0
6,0,0,0,0,0,0,1.0198062967846,0.00554589289715157,0,1.03394434000755,0.60288408639572,0.901810146653173,0,0,0
6,0,0,0,0,0,0,1.0198062967846,0.00554589289715157,0,1.03394434000755,0.216588979567128,0.590096818874557,0,0,0
6,0,0,0,0,0,0,0.0277119942477856,0.913735156356992,0,0.735444898241882,0.0055242717280199,0.051146605127135,0,0,0
6,0,0,0,0,0,0,0.0277119942477856,0.00554589289715157,0,0.415661362127583,1.02821675664017,1.01284535518702,0,0,0
6,0,0,0,0,0,0,0.981883791339187,0.00554589289715157,0,0.00554589289715157,1.01545374279214,0.912322827058589,0,0,0
6,0,0,0,0,0,0,0.0277119942477856,0.913735156356992,0,1.11716189055001,0.724318901742785,0.618497135802218,0,0,0
6,0,0,0,0,0,0,0.0432979049209076,0.00554589289715157,0,1.09379072837271,0.437436341865588,0.168685371332493,0,0,0
6,0,0,0,0,0,0,0.908471105376039,0.00554589289715157,0,1.08447138010334,0.098131976107433,0.590096818874557,0,0,0
6,0,0,0,0,0,0,1.01545374279214,0.701976200567231,0,1.07558608381548,1.01284535518702,1.00736398105296,0,0,0
6,0,0,0,0,0,0,0.0277119942477856,1.00000762936543,0,0.790433716722479,1.01284535518702,1.00736398105296,0,0,0
6,0,0,0,0,0,0,1.00937729420416,1.00000762936543,0,0.497447655676096,0.755414122531544,1.00736398105296,0,0,0
6,0,0,0,0,0,0,0.0337305532607901,0.00554589289715157,0,0.0055242717280199,0.38492503591509,0.753538601056829,0,0,0
6,0,0,0,0,0,0,0.0277163124367399,0.00554589289715157,0,1.14651060318068,0.0055242717280199,1.01284535518702,0,0,0
6,0,0,0,0,0,0,1.01284535518702,0.670604638704248,0,1.14651060318068,1.00937729420416,0.636728130166168,0,0,0
6,0,0,0,0,0,0,1.01284535518702,1.00000762936543,0,0.793773902416783,1.00937729420416,0.238747944860451,0,0,0
6,0,0,0,0,0,0,0.0277119942477856,1.00000762936543,0,0.560808461324374,0.636728130166168,0.138663536815065,0,0,0
6,0,0,0,0,0,0,0.0277119942477856,0.00554589289715157,0,1.07558608381548,0.36725949154893,0.649733782346104,0,0,0
6,0,0,0,0,0,0,0.947254489557944,0.0055242717280199,0,1.06990905496731,1.0198062967846,1.00937729420416,0,0,0
6,0,0,0,0,0,0,1.02468077703137,0.984321715789856,0,0.80859228032665,1.00937729420416,1.00937729420416,0,0,0
6,0,0,0,0,0,0,0.0055242717280199,1.00000762936543,0,1.07558608381548,0.770970144795494,0.648501482788568,0,0,0
6,0,0,0,0,0,0,0.0055242717280199,1.00000762936543,0,1.07558608381548,0.485936083438931,0.36725949154893,0,0,0
6,0,0,0,0,0,0,0.978305978835662,0.00554589289715157,0,0.775268336052639,1.01284535518702,0.559049015652844,0,0,0
6,0,0,0,0,0,0,1.0198062967846,0.00554589289715157,0,1.06177117265315,1.01284535518702,0.912322827058589,0,0,0
6,0,0,0,0,0,0,1.0198062967846,0.00554589289715157,0,1.06177117265315,1.01284535518702,1.0198062967846,0,0,0
6,0,0,0,0,0,0,0.0055242717280199,0.00554589289715157,0,0.65557966879481,0.632851073331581,1.0198062967846,0,0,0
6,0,0,0,0,0,0,0.0055242717280199,0.00554589289715157,0,0.184368207066881,0.286957113283453,0.908471105376039,0,0,0
6,0,0,0,0,0,0,0.918972830811368,0.937263999480313,0,0.00554589289715157,1.01545374279214,0.566156938372147,0,0,0
6,0,0,0,0,0,0,0.0277119942477856,1.00000762936543,0,1.07558608381548,1.0198062967846,0.184367557957344,0,0,0
6,0,0,0,0,0,0,0.0387993772147648,0.00554589289715157,0,1.04924080586561,0.693248627777243,0.766088652473224,0,0,0
6,0,0,0,0,0,0,0.962777636013487,0.00554589289715157,0,0.790433716722479,0.38492503591509,1.02468077703137,0,0,0
6,0,0,0,0,0,0,1.01284535518702,1.00000762936543,0,0.566156938372147,0.0055242717280199,0.963545142040772,0,0,0
6,0,0,0,0,0,0,1.01284535518702,0.00554589289715157,0,1.04924080586561,1.01284535518702,0.607965221745281,0,0,0
6,0,0,0,0,0,0,0.0277119942477856,0.00554589289715157,0,1.04924080586561,0.652285523300143,1.02468077703137,0,0,0
6,0,0,0,0,0,0,0.0277119942477856,0.952949900646341,0,0.790433716722479,1.01284535518702,1.03394434000755,0,0,0
6,0,0,0,0,0,0,0.0355242568148714,0.00554589289715157,0,0.538309591686359,0.651532126537489,0.746073902325493,0,0,0
6,0,0,0,0,0,0,0.746073902325493,0.00554589289715157,0,0.00556743010089506,1.02468077703137,0.446209431937669,0,0,0
6,0,0,0,0,0,0,1.01545374279214,1.00000762936543,0,1.11716189055001,1.02468077703137,0.098131976107433,0,0,0
6,0,0,0,0,0,0,1.02468077703137,1.00000762936543,0,1.06990905496731,0.696965898478627,0.790433716722479,0,0,0
6,0,0,0,0,0,0,0.0355242568148714,0.913735156356992,0,0.845775145818401,0.4237216912508,1.0198062967846,0,0,0
6,0,0,0,0,0,0,0.0355242568148714,0.0055242717280199,0,1.11716189055001,0.0824609695391139,1.0198062967846,0,0,0
6,0,0,0,0,0,0,0.0355242568148714,0.0055242717280199,0,1.11716189055001,1.04924080586561,0.947254489557944,0,0,0
6,0,0,0,0,0,0,0.704426876792008,1.00000762936543,0,0.801255437551495,0.935361726892428,0.561574460904191,0,0,0
6,0,0,0,0,0,0,1.00736398105296,1.00338391805452,0,1.08447138010334,0.935361726892428,0.0667970183298458,0,0,0
6,0,0,0,0,0,0,0.0055242717280199,1.00558813613792,0,1.08447138010334,0.621178748654465,0.569731525017668,0,0,0
6,0,0,0,0,0,0,0.0055242717280199,0.00556743010089506,0,0.751660947265248,1.11025761866999,0.920044624031771,0,0,0
6,0,0,0,0,0,0,0.0055242717280199,0.00554589289715157,0,0.436875685505745,1.11025761866999,1.02821675664017,0,0,0
6,0,0,0,0,0,0,0.0055242717280199,0.00554589289715157,0,1.07558608381548,0.64736519259523,0.953726821308568,0,0,0
6,0,0,0,0,0,0,0.0055242717280199,0.764719605940088,0,1.07558608381548,0.399358956609101,1.03394434000755,0,0,0
6,0,0,0,0,0,0,0.0055242717280199,0.00556743010089506,0,0.910231056127112,1.04924080586561,0.689602085398903,0,0,0
6,0,0,0,0,0,0,0.517091288217863,0.00556743010089506,0,0.467089991935373,1.04924080586561,0.235373674042543,0,0,0
6,0,0,0,0,0,0,0.921780270724293,0.647076184608535,0,1.11025761866999,0.766088652473224,0.646127634791648,0,0,0
6,0,0,0,0,0,0,0.0055242717280199,0.913735287330329,0,1.11025761866999,1.04924080586561,0.927767422739987,0,0,0
6,0,0,0,0,0,0,0.0055242717280199,0.00556743010089506,0,0.781669242545668,1.04924080586561,1.01545374279214,0,0,0
6,0,0,0,0,0,0,0.34905139921026,0.937264127165728,0,1.06177117265315,0.775268336052639,1.0198062967846,0,0,0
6,0,0,0,0,0,0,0.0055242717280199,0.937264127165728,0,1.06177117265315,1.06177117265315,0.654451279427553,0,0,0
6,0,0,0,0,0,0,0.0055242717280199,0.984509540722473,0,0.79671279165569,1.06177117265315,0.46866561209514,0,0,0
6,0,0,0,0,0,0,0.0055242717280199,1.00092929309791,0,1.04924080586561,0.451963118934751,1.00442962140109,0,0,0
6,0,0,0,0,0,0,0.654451279427553,0.0200138083861211,0,1.04924080586561,1.05660221643501,1.0198062967846,0,0,0
6,0,0,0,0,0,0,1.00937729420416,0.0200078278734773,0,0.729904247374445,1.05660221643501,1.02468077703137,0,0,0
6,0,0,0,0,0,0,1.00937729420416,0.898255131705577,0,0.392835554013151,0.482252593205047,0.0667970183298458,0,0,0
6,0,0,0,0,0,0,0.0055242717280199,1.00338391805452,0,1.06990905496731,0.377666305219526,1.02468077703137,0,0,0
6,0,0,0,0,0,0,0.0277119942477856,1.01046938140092,0,1.07558608381548,0.0824609695391139,0.73903300912521,0,0,0
6,0,0,0,0,0,0,0.48428716939969,0.00554589289715157,0,0.720146541266198,1.04924080586561,0.00554589289715157,0,0,0
6,0,0,0,0,0,0,1.00937729420416,0.00554589289715157,0,0.369431115196842,1.02821675664017,1.00000762936543,0,0,0
6,0,0,0,0,0,0,0.0277119942477856,0.764719449444868,0,0.0055242717280199,0.72787751383661,1.00172945318244,0,0,0
6,0,0,0,0,0,0,0.0432979049209076,1.00000762936543,0,1.15426417690122,0.412243004462585,0.642977906859492,0,0,0
6,0,0,0,0,0,0,0.543539078749131,1.00000762936543,0,1.15426417690122,1.0198062967846,0.97622858823821,0,0,0
6,0,0,0,0,0,0,1.01284535518702,0.00554589289715157,0,0.76977506154226,1.03804150232363,0.421829653881321,0,0,0
6,0,0,0,0,0,0,1.0198062967846,0.00554589289715157,0,1.15426417690122,0.758826923775898,0.809882143059267,0,0,0
6,0,0,0,0,0,0,0.0277119942477856,0.780405437418842,0,1.15426417690122,1.02468077703137,1.01284535518702,0,0,0
6,0,0,0,0,0,0,0.0277119942477856,0.00556743010089506,0,0.65501717873652,1.02468077703137,0.809882143059267,0,0,0
6,0,0,0,0,0,0,0.577026039544697,0.00554589289715157,0,0.311032989889652,0.681525871105028,0.247101190017187,0,0,0
6,0,0,0,0,0,0,0.0055242717280199,0.00554589289715157,0,1.14651060318068,1.03804150232363,0.485936083438931,0,0,0
6,0,0,0,0,0,0,0.0055242717280199,0.00554589289715157,0,1.11716189055001,1.03804150232363,1.00736398105296,0,0,0
6,0,0,0,0,0,0,0.0432979049209076,0.984321837370983,0,0.75647417897885,0.7306613489716,1.01284535518702,0,0,0
6,0,0,0,0,0,0,0.642977906859492,1.00000774903946,0,1.10023934162617,1.02821675664017,0.722362650048059,0,0,0
6,0,0,0,0,0,0,0.0277119942477856,1.00221867602358,0,0.632465182612857,1.02821675664017,0.501510306046112,0,0,0
6,0,0,0,0,0,0,0.0432979049209076,0.00554589289715157,0,1.07558608381548,0.642977906859492,0.247101674332271,0,0,0
6,0,0,0,0,0,0,0.927767422739987,0.00554589289715157,0,0.729904247374445,0.439261161414882,0.950949136103869,0,0,0
6,0,0,0,0,0,0,1.02821675664017,0.774309594442768,0,1.07558608381548,0.00554589289715157,1.02468077703137,0,0,0
6,0,0,0,0,0,0,1.02821675664017,1.01046938140092,0,1.06177117265315,1.04924080586561,0.774314385694258,0,0,0
6,0,0,0,0,0,0,0.0277119942477856,1.02136727422246,0,0.625422759424837,1.03804150232363,0.200050946262385,0,0,0
6,0,0,0,0,0,0,0.0432979049209076,0.00554589289715157,0,1.11716189055001,1.03394434000755,0.766088652473224,0,0,0
6,0,0,0,0,0,0,0.646127634791648,0.00554589289715157,0,1.11716189055001,1.03394434000755,1.02468077703137,0,0,0
6,0,0,0,0,0,0,1.0198062967846,0.898049400304469,0,1.09379072837271,0.517091288217863,1.03394434000755,0,0,0
6,0,0,0,0,0,0,0.00554589289715157,1.00736029824285,0,0.73903300912521,0.274018428386929,0.696965898478627,0,0,0
6,0,0,0,0,0,0,0.0667952266846672,0.0055242717280199,0,0.38444718990423,0.0055242717280199,0.437436341865588,0,0,0
6,0,0,0,0,0,0,0.364736494323567,0.0055242717280199,0,0.0055242717280199,1.02468077703137,0.0355276254786414,0,0,0
6,0,0,0,0,0,0,0.638946621387361,0.780405284069113,0,1.07558608381548,1.02468077703137,0.745002260256705,0,0,0
6,0,0,0,0,0,0,1.02821675664017,1.00736029824285,0,1.07558608381548,0.776931850051927,1.03394434000755,0,0,0
6,0,0,0,0,0,0,0.0055242717280199,1.01046938140092,0,0.823068042631386,1.03804150232363,1.00442962140109,0,0,0
6,0,0,0,0,0,0,0.0055242717280199,0.0433282981371112,0,0.550847172173883,1.03804150232363,0.646127634791648,0,0,0
6,0,0,0,0,0,0,0.0055242717280199,0.0433282981371112,0,1.06177117265315,0.72787751383661,0.666744181881251,0,0,0
6,0,0,0,0,0,0,0.0055242717280199,0.914745188456365,0,0.704865226013575,0.377666305219526,1.02821675664017,0,0,0
6,0,0,0,0,0,0,0.231417247825118,0.0433282981371112,0,1.04459884543601,0.0824609695391139,1.03804150232363,0,0,0
6,0,0,0,0,0,0,0.0055242717280199,0.953918412120871,0,0.684498243034635,1.04459884543601,1.02468077703137,0,0,0
6,0,0,0,0,0,0,0.0055242717280199,0.0433282981371112,0,0.271309916612716,1.04459884543601,0.527923946511697,0,0,0
6,0,0,0,0,0,0,0.693427448557646,1.00093060829929,0,0.0055242717280199,0.774314385694258,0.0667952266846672,0,0,0
6,0,0,0,0,0,0,1.04924080586561,1.00093060829929,0,1.11716189055001,0.492225930250077,0.699785828396163,0,0,0
6,0,0,0,0,0,0,0.0055242717280199,0.0433282981371112,0,1.11716189055001,1.03394434000755,0.940673892478832,0,0,0
6,0,0,0,0,0,0,0.0981307565692231,0.0433282981371112,0,0.73903300912521,1.0198062967846,1.03804150232363,0,0,0
6,0,0,0,0,0,0,0.0355242568148714,0.852076041494805,0,0.38492503591509,0.623451037546761,0.750759255154542,0,0,0
6,0,0,0,0,0,0,0.743347789395486,0,0,0,0.200050946262385,0.287816613594546,0,0,0
6,0,0,0,0,0,0,0,0,0,0,0,0,0,0,0
6,0,0,0,0,0,0,0,0,0,0,0,0,0,0,0
