21,0,0,0,0,0,0,0.0277163124367399,0.00556743010089506,0.0055242717280199,1.00736029824285,0.0433310600996568,0.066764761360523,0,0,0
21,0,0,0,0,0,0,0.0579065878220579,0.309839464084398,1.01046938140092,0.735606465987335,0.098131976107433,0.743558501410917,0,0,0
21,0,0,0,0,0,0,0.0277119942477856,0.555289959636566,1.00736029824285,0.14516365069873,0.207861414509012,0.518715750830445,0,0,0
21,0,0,0,0,0,0,0.0432979049209076,0.443162968063852,1.00092929309791,0.0200078278734773,1.00476532203836,0.300122029413034,0,0,0
21,0,0,0,0,0,0,0.427477844599026,0.444405873003484,1.03393658499457,0.27107779843454,0.905892211068897,0.473459595536031,0,0,0
21,0,0,0,0,0,0,0.00554589289715157,0.443163238111043,1.05163239862106,0.14516365069873,0.645929790880138,0.815898644488439,0,0,0
21,0,0,0,0,0,0,0.00554589289715157,0.0667665538232225,1.07271160907034,0.168654861939433,0.841025183526348,0.590062340912031,0,0,0
21,0,0,0,0,0,0,0.00554589289715157,0.0055242717280199,1.03393658499457,0.168654861939433,0.461246868547093,0.593802811287971,0,0,0
21,0,0,0,0,0,0,0.00554589289715157,0.0055242717280199,1.00736029824285,0.0055242717280199,0.680344297834926,0.842893453784735,0,0,0
21,0,0,0,0,0,0,0.00554589289715157,0.0055242717280199,1.01684064050996,0.0055242717280199,0.584220061219094,1.05160337941857,0,0,0
21,0,0,0,0,0,0,0.00554589289715157,0.0277119942477856,1.00558813613792,0.129483983771064,0.857542417260163,1.0003457710268,0,0,0
21,0,0,0,0,0,0,0.815559452833082,0.0720761431167893,1.00000762936543,0.098131976107433,1.02136727422246,1.0003457710268,0,0,0
21,0,0,0,0,0,0,0.0055242717280199,0.0720761431167893,1.00338391805452,0.247101674332271,0.954106703249495,1.00555778815363,0,0,0
21,0,0,0,0,0,0,0.0055242717280199,0.0720761431167893,0.939622701142983,0.0433006688221051,0.819314972878681,0.999977112020138,0,0,0
21,0,0,0,0,0,0,0.0055242717280199,0.0720761431167893,0.939622701142983,0.23406638648979,0.834417012604425,0.913704639057746,0,0,0
21,0,0,0,0,0,0,0.0055242717280199,0.0720761431167893,0.945104923491934,0.00554589289715157,0.78581831250631,1.0003457710268,0,0,0
21,0,0,0,0,0,0,0.0432979049209076,0.066764761360523,0.786057072302064,0.445241777132938,0.852789935880742,0.7642042500751,0,0,0
21,0,0,0,0,0,0,0.069478982128535,0.0055242717280199,0.748702821162649,0.343904530946836,0.801704136611739,0.983163338622696,0,0,0
21,0,0,0,0,0,0,0.00554589289715157,0.066764761360523,0.73317774234342,0.262785837465827,0.671879760037793,1.03390706911468,0,0,0
21,0,0,0,0,0,0,0.00554589289715157,0.066764761360523,0.580317210366807,0.098131976107433,0.811995870856484,1.07268316012202,0,0,0
21,0,0,0,0,0,0,0.325524294040086,0.0055242717280199,0,0.0055242717280199,0.829461070883466,0.623609572759204,0,0,0
21,0,0,0,0,0,0,0.00554589289715157,0.27107779843454,0,0.0055242717280199,1.05092785922156,0.894995195314961,0,0,0
21,0,0,0,0,0,0,0.00554589289715157,0.231417247825118,0,0.082429034930016,1.02256640461429,0.829432647163418,0,0,0
21,0,0,0,0,0,0,0.00554589289715157,0.65520113689686,0,0.41595608213497,0.761323631340885,0.709873216344077,0,0,0
21,0,0,0,0,0,0,0.396107210028416,0.65520113689686,0,0.628951829982296,0.868513192111389,0.478502236393059,0,0,0
21,0,0,0,0,0,0,0.00554589289715157,0.710079536081936,0,0.657544958749579,1.01586744275784,0.770615991944277,0,0,0
21,0,0,0,0,0,0,0.0433006688221051,0.741440131947765,0,0.294782259717154,0.945553579899222,0.910193978702345,0,0,0
21,0,0,0,0,0,0,1.00937729420416,0.427909878211776,0,0.00556743010089506,1.00509150416843,1.05656347945071,0,0,0
21,0,0,0,0,0,0,0.00554589289715157,0.673169532908161,0,0.41595608213497,1.01901046607876,1.00335350340022,0,0,0
21,0,0,0,0,0,0,0.00554589289715157,0.613404326177123,0,0.344980569092311,1.0203398680412,1.07268316012202,0,0,0
21,0,0,0,0,0,0,1.01284535518702,0.456702882635953,0,0.295202552736402,0.882984891976653,0.834168135836106,0,0,0
21,0,0,0,0,0,0,0.0433006688221051,0.462458769226662,0,0.244605501086988,1.02695057646637,0.707266637308814,0,0,0
21,0,0,0,0,0,0,0.984321837370983,0.447999853395567,0,0.253979598968199,0.977541492413407,0.759356173259373,0,0,0
21,0,0,0,0,0,0,0.0667665538232225,0.457779912024748,0,0.238750952405428,0.977541492413407,0.556476411522821,0,0,0
21,0,0,0,0,0,0,1.00093060829929,0.260438193583841,0,0.291006851384059,0.953330719841574,0.945982794413683,0,0,0
21,0,0,0,0,0,0,0.0432979049209076,0.245607404530596,0,0.275365084282165,0.935090315955486,0.984291198452046,0,0,0
21,0,0,0,0,0,0,1.00479569395763,0.434050788441612,0,0.275365084282165,0.935090315955486,0.95748773703927,0,0,0
21,0,0,0,0,0,0,0.0432979049209076,0.32057652553409,0,0.00556743010089506,0.928157800619039,0.921744826388189,0,0,0
21,0,0,0,0,0,0,0.0511442652320805,0.295202552736402,0,0.00554589289715157,0.935090315955486,0.921744826388189,0,0,0
21,0,0,0,0,0,0,0.0981307565692231,0.408043882803451,0,0.462588917112356,0.947830545450623,0.9186012184294,0,0,0
21,0,0,0,0,0,0,0.803934050678007,0.509060255653687,0,0.00554589289715157,0.823880578786351,1.15219503227011,0,0,0
21,0,0,0,0,0,0,0.0754253843454014,0.431490100532172,0,0.0277163124367399,0.809190143758885,0.892723825466156,0,0,0
21,0,0,0,0,0,0,1.00172945318244,0.431490100532172,0,0.484542619635772,0.789179246239873,0.85880404980465,0,0,0
21,0,0,0,0,0,0,0.00554589289715157,0.279132969986447,0,0.399358956609101,0.840075244714153,0.826014844815026,0,0,0
21,0,0,0,0,0,0,0.00554589289715157,0.453864014953693,0,0.656327325375214,0.763749502826863,0.916255797945006,0,0,0
21,0,0,0,0,0,0,1.00338642274966,0.279132969986447,0,0.0277163124367399,0.7497650240329,0.920608977135807,0,0,0
21,0,0,0,0,0,0,0.0200078278734773,0.294154762660345,0,0.0667665538232225,0.79616298023556,1.01256374747876,0,0,0
21,0,0,0,0,0,0,0.0200078278734773,0.309839464084398,0,0.610690143516042,0.789179246239873,0.979402530879789,0,0,0
21,0,0,0,0,0,0,0.0981307565692231,0.247101674332271,0,0.284591036259933,0.789179246239873,0.870963551430577,0,0,0
21,0,0,0,0,0,0,1.00000774903946,0.231417764963828,0,0.657544958749579,0.948286872620192,0.900480255581005,0,0,0
21,0,0,0,0,0,0,0.069478982128535,0.0055242717280199,0,0.231417764963828,1.05659236242456,0.913704770035457,0,0,0
21,0,0,0,0,0,0,0.00554589289715157,0.538422516479006,0,0.411792499969146,1.04016434179124,0.929390662051868,0,0,0
21,0,0,0,0,0,0,0.0667665538232225,0.429632275457117,0,0.253979598968199,0.938964376087439,0.955239429094699,0,0,0
21,0,0,0,0,0,0,0.0667665538232225,0.419199171936732,0,0.551292801594763,0.699951523806347,0.884838008656535,0,0,0
21,0,0,0,0,0,0,0.635272273561216,0.369431115196842,0,0.615706862565482,0.969772787231313,1.00335350340022,0,0,0
21,0,0,0,0,0,0,0.0200078278734773,0.290369547137211,0,0.474534152392297,1.07848751885689,1.00555778815363,0,0,0
21,0,0,0,0,0,0,0.113806071982621,0.490219665017888,0,0.443163238111043,1.08751814713355,0.878556581452494,0,0,0
21,0,0,0,0,0,0,0.200050348039123,0.545118976482106,0,0.490219665017888,1.03011856903832,0.878556581452494,0,0,0
21,0,0,0,0,0,0,1.00736398105296,0.325523926402338,0,0.396107210028416,0.976535012812013,0.863016740701572,0,0,0
21,0,0,0,0,0,0,0.00556743010089506,0.341208884064337,0,0.00554589289715157,0.656409920354378,0.878347326155501,0,0,0
21,0,0,0,0,0,0,1.02821675664017,0.365243077811935,0,0.00554589289715157,0.811089397318431,0.932097525390609,0,0,0
21,0,0,0,0,0,0,0.00556743010089506,0.231417764963828,0,0.247101190017187,1.00000056857227,0.940638015029695,0,0,0
21,0,0,0,0,0,0,0.00556743010089506,0.419930801740288,0,0.639809680591778,1.00000056857227,1.00218822600624,0,0,0
21,0,0,0,0,0,0,0.193489108249771,0.573819443316968,0,0.984696236015224,0.979995104001427,1.00218822600624,0,0,0
21,0,0,0,0,0,0,0.00556743010089506,0.364736822436873,0,0.906299142183396,0.676624676515682,1.00218822600624,0,0,0
21,0,0,0,0,0,0,0.00556743010089506,0.493722309810368,0,0.219972303513814,0.568749090995691,0.999977112020138,0,0,0
21,0,0,0,0,0,0,0.957973194274555,0.546924987279527,0,0.0433310600996568,0.902279270436235,0.921745994904511,0,0,0
21,0,0,0,0,0,0,0.00556743010089506,0.284591036259933,0,0.0433310600996568,0.777157941013776,0.979402530879789,0,0,0
21,0,0,0,0,0,0,0.00556743010089506,0.232214853506492,0,0.0433310600996568,0.542394713689165,0.998620602745532,0,0,0
21,0,0,0,0,0,0,0.00556743010089506,1.00037627712583,0,0.460856476023044,0.830201331699998,0.91739860238449,0,0,0
21,0,0,0,0,0,0,0.00556743010089506,0.489838681734748,0,0.597864059553164,0.991103492513322,0.868345619779979,0,0,0
21,0,0,0,0,0,0,0.00556743010089506,0.494714156257683,0,0.529433582042889,0.700389598349964,0.778950479192936,0,0,0
21,0,0,0,0,0,0,0.0667970183298458,0.6127929695099,0,0.530829819185614,0.854302371604376,0.830840974777959,0,0,0
21,0,0,0,0,0,0,0.0355276254786414,0.658290019652623,0,0.0200138083861211,0.60946922613009,0.627544490346696,0,0,0
21,0,0,0,0,0,0,0.0981307565692231,0.963922520279284,0,0.569298647285855,0.913726904998934,0.692590252667362,0,0,0
21,0,0,0,0,0,0,0.14516365069873,0.58559010141264,0,0.325524294040086,1.05810404857968,0.567421066517853,0,0,0
21,0,0,0,0,0,0,0.0511442652320805,0.694396697040378,0,0.231417247825118,0.9582879539579,0.43045377571141,0,0,0
21,0,0,0,0,0,0,0.790431445656855,0.584220061219094,0,0.21573360997267,0.720140724894176,0.567421066517853,0,0,0
21,0,0,0,0,0,0,0.0824609695391139,0.488831067474981,0,0.00554589289715157,0.677171162569725,0.778951554645228,0,0,0
21,0,0,0,0,0,0,0.114351580526834,0.751081344031052,0,0.14516365069873,0.821415791616665,1.04013500263623,0,0,0
21,0,0,0,0,0,0,0.128056474276978,0.804235290223291,0,0.0200078278734773,0.782056341092672,1.04013500263623,0,0,0
21,0,0,0,0,0,0,1.01545374279214,0.819314972878681,0,0.00554589289715157,1.0250930881244,0.998372023111512,0,0,0
21,0,0,0,0,0,0,0.184368207066881,0.819314972878681,0,0.128056474276978,1.00937160315695,1.05807565929634,0,0,0
21,0,0,0,0,0,0,0.113806071982621,0.803934050678007,0,0.0055242717280199,1.00937160315695,1.03390706911468,0,0,0
21,0,0,0,0,0,0,0.0981307565692231,0.725505065775158,0,0.0277119942477856,1.04016434179124,1.03003282765653,0,0,0
21,0,0,0,0,0,0,1.00000762936543,0.801178961940576,0,0.0277119942477856,1.05163239862106,1.02464433714742,0,0,0
21,0,0,0,0,0,0,0.098131976107433,1.00736398105296,0,0.0277119942477856,0.943212754937332,1.02464433714742,0,0,0
21,0,0,0,0,0,0,0.113807123546881,0.660066503287473,0,0.0277119942477856,0.928157800619039,1.02133739509904,0,0,0
21,0,0,0,0,0,0,0.0667970183298458,0.639522310736676,0,0.0277119942477856,0.618290257040053,1.03003282765653,0,0,0
21,0,0,0,0,0,0,0.0667970183298458,0.623547583764604,0,0.105938650549771,0.943215800055381,1.03390706911468,0,0,0
21,0,0,0,0,0,0,0.945108848892891,1.00000762936543,0,0.184337047230815,0.745739701159861,1.04013500263623,0,0,0
21,0,0,0,0,0,0,0.098131976107433,0.639233126747893,0,0.0055242717280199,0.943215800055381,0.97246766655979,0,0,0
21,0,0,0,0,0,0,0.0824609695391139,0.623547391838643,0,0.0055242717280199,0.756876693366556,0.931370536572749,0,0,0
21,0,0,0,0,0,0,0.0355276254786414,0.623547391838643,0,0.0055242717280199,0.937263999480313,0.878347326155501,0,0,0
21,0,0,0,0,0,0,0.0200138083861211,1.00172945318244,0,0.14516365069873,0.890206324314086,1.03390706911468,0,0,0
21,0,0,0,0,0,0,0.0200138083861211,1.00000762936543,0,0.759150003751384,0.670604817162505,1.04013500263623,0,0,0
21,0,0,0,0,0,0,0.098131976107433,1.00000762936543,0,0.639233313964307,0.82231612118412,1.02464433714742,0,0,0
21,0,0,0,0,0,0,1.00736398105296,0.905892211068897,0,0.0055242717280199,0.82231612118412,1.02464433714742,0,0,0
21,0,0,0,0,0,0,0.00554589289715157,0.772562365739101,0,0.608467953018539,0.932919777719036,1.02133739509904,0,0,0
21,0,0,0,0,0,0,0.00554589289715157,0.764234473420213,0,0.670604638704248,0.882917799830591,1.03390706911468,0,0,0
21,0,0,0,0,0,0,0.926771453761046,0.670604638704248,0,0.564737848719372,0.686290588204595,1.01681062837078,0,0,0
21,0,0,0,0,0,0,0.00554589289715157,0.639233126747893,0,0.00554589289715157,0.764234473420213,1.01681062837078,0,0,0
21,0,0,0,0,0,0,0.00554589289715157,0.725504900821156,0,0.592488122019484,0.764234473420213,1.01681062837078,0,0,0
21,0,0,0,0,0,0,1.00338642274966,0.78581831250631,0,0.772562365739101,0.654918876039505,1.01681062837078,0,0,0
21,0,0,0,0,0,0,0.0055242717280199,0.924100921267179,0,0.586117129607035,0.741688014404772,1.01681062837078,0,0,0
21,0,0,0,0,0,0,0.0055242717280199,1.12066663521111,0,0.404554953878904,0.686827466803251,1.01681062837078,0,0,0
21,0,0,0,0,0,0,0.0055242717280199,1.09377836463116,0,0.490219665017888,0.380421981541548,1.03003282765653,0,0,0
21,0,0,0,0,0,0,0.512551360129961,0.695451157385298,0,0.49209948634568,0.761331805347024,0.999977112020138,0,0,0
21,0,0,0,0,0,0,0.0055242717280199,0.871197246381848,0,0.0474039768115301,0.728549502022284,1.00090011909554,0,0,0
21,0,0,0,0,0,0,0.0277119942477856,0.788313789589256,0,0.49209948634568,0.772562365739101,1.02464433714742,0,0,0
21,0,0,0,0,0,0,0.0277119942477856,0.802925773876454,0,0.281766291768016,1.00093060829929,1.02464433714742,0,0,0
21,0,0,0,0,0,0,0.0277119942477856,0.802925773876454,0,0.166486624550804,0.284591036259933,1.01408489262084,0,0,0
21,0,0,0,0,0,0,0.0794256013460992,0.812899566942167,0,0.204614187171632,0.77478980861943,1.05160337941857,0,0,0
21,0,0,0,0,0,0,0.0433282981371112,1.10396304090774,0,0.0355242568148714,0.756876693366556,1.03003282765653,0,0,0
21,0,0,0,0,0,0,0.0277119942477856,1.1736428341475,0,0.0055242717280199,0.725505065775158,1.02464433714742,0,0,0
21,0,0,0,0,0,0,0.0432979049209076,0.864176771707094,0,0.00554589289715157,0.657544958749579,0.910193978702345,0,0,0
21,0,0,0,0,0,0,0.0432979049209076,0.837716685316183,0,0.0200078278734773,0.714571344607067,1.04013500263623,0,0,0
21,0,0,0,0,0,0,0.066764761360523,0.888736138273436,0,0.938248702937108,0.788482737475678,1.05160337941857,0,0,0
21,0,0,0,0,0,0,0.066764761360523,0.858100737505167,0,0.079399982373178,0.686290413825158,1.03003282765653,0,0,0
21,0,0,0,0,0,0,0.776927691086993,0.907434439685027,0,0.079399982373178,0.756876693366556,1.03003282765653,0,0,0
21,0,0,0,0,0,0,0.066764761360523,0.898099238531267,0,0.079399982373178,0.691200810423191,1.02464433714742,0,0,0
21,0,0,0,0,0,0,0.459511711657942,1.00600410873793,0,0.079399982373178,0.0277119942477856,1.07845922227276,0,0,0
21,0,0,0,0,0,0,0.776927691086993,0.948599421510596,0,1.00000762936543,0.168655571522884,1.04456080900964,0,0,0
21,0,0,0,0,0,0,0.985259389205106,0.828192164401001,0,0.545119196021201,0.105955594136561,0.962293731970855,0,0,0
21,0,0,0,0,0,0,0.687634609330886,0.946459485190009,0,0.231417764963828,0.655478529237674,1.04456080900964,0,0,0
21,0,0,0,0,0,0,0.066764761360523,0.980614534497563,0,0.609378894157683,0.647928415092414,1.08749008552715,0,0,0
21,0,0,0,0,0,0,0.0055242717280199,0.730310098993438,0,0.0433282981371112,0.107115994964632,1.04013500263623,0,0,0
21,0,0,0,0,0,0,0.0720761431167893,0.64363626996266,0,0.0433282981371112,0.208486882884058,1.04013500263623,0,0,0
21,0,0,0,0,0,0,0.0720761431167893,0.466160804736321,0,0.0433282981371112,0.773756701294231,1.04013500263623,0,0,0
21,0,0,0,0,0,0,0.890206324314086,0.984321715789856,0,0.972123644156986,0.00554589289715157,1.04013500263623,0,0,0
21,0,0,0,0,0,0,1.00019250866378,0.608467953018539,0,0.505904973489854,1.00172945318244,1.07268316012202,0,0,0
21,0,0,0,0,0,0,0.0824304867715548,0.490219420892674,0,1.00338391805452,0.00556743010089506,1.08749008552715,0,0,0
21,0,0,0,0,0,0,0.105938650549771,0.576490285144954,0,0.0277119942477856,1.00736398105296,1.11021687320628,0,0,0
21,0,0,0,0,0,0,0.803934050678007,1.00092929309791,0,0.0942578863593396,1.00172945318244,1.08749008552715,0,0,0
21,0,0,0,0,0,0,0.066764761360523,0.55849280228823,0,0.00554589289715157,0.0432979049209076,1.1206394036667,0,0,0
21,0,0,0,0,0,0,0.066764761360523,0.51839080383243,0,0.0200078278734773,0.0432979049209076,0.994544185275621,0,0,0
21,0,0,0,0,0,0,0.066764761360523,0.225760949354051,0,0.0432979049209076,1.00479569395763,1.0417299673596,0,0,0
21,0,0,0,0,0,0,0.066764761360523,0.474659224431493,0,0.0432979049209076,0.782061084884173,1.01043918002215,0,0,0
21,0,0,0,0,0,0,1.00000774903946,0.661084665689329,0,0.082429034930016,0.911174969960225,1.02464433714742,0,0,0
21,0,0,0,0,0,0,0.0667665538232225,0.670689757902082,0,0.082429034930016,0.623547583764604,1.04456080900964,0,0,0
21,0,0,0,0,0,0,0.121614264233216,0.809190143758885,0,0.0055242717280199,0.686290588204595,1.05160337941857,0,0,0
21,0,0,0,0,0,0,0.179599193456153,0.789179246239873,0,0.0055242717280199,0.821719797718195,1.05656347945071,0,0,0
21,0,0,0,0,0,0,0.147651842470337,0.482367972980454,0,0.0055242717280199,0.628757717676983,1.04013500263623,0,0,0
21,0,0,0,0,0,0,0.147651842470337,0.581262798867006,0,0.0055242717280199,1.02468077703137,1.04013500263623,0,0,0
21,0,0,0,0,0,0,0.357233457722971,0.633522416231413,0,0.0055242717280199,1.01284535518702,1.01681062837078,0,0,0
21,0,0,0,0,0,0,0.109362678174362,0.523702883345126,0,0.0055242717280199,0.145133144173965,1.00733000364875,0,0,0
21,0,0,0,0,0,0,0.0511091539511686,0.633522416231413,0,0.0055242717280199,1.00338642274966,1.01043918002215,0,0,0
21,0,0,0,0,0,0,0.905892343176161,0.695456836083524,0,0.0055242717280199,0.455605708611272,1.01043918002215,0,0,0
21,0,0,0,0,0,0,0.309839077835907,0.562446453439967,0,0.0055242717280199,0.678724761520224,1.02133739509904,0,0,0
21,0,0,0,0,0,0,0.0432979049209076,0.459513795168355,0,0.066764761360523,0.510389364779073,1.00555778815363,0,0,0
21,0,0,0,0,0,0,0.0432979049209076,0.290360891920269,0,0.0055242717280199,0.933057412008412,1.00335350340022,0,0,0
21,0,0,0,0,0,0,0.235368081063187,0.546914702915666,0,0.0055242717280199,0.859624155187566,1.01043918002215,0,0,0
21,0,0,0,0,0,0,0.0432979049209076,0.709819098055446,0,0.0055242717280199,0.948294066061884,1.01043918002215,0,0,0
21,0,0,0,0,0,0,0.0277119942477856,0.623547391838643,0,0.0277119942477856,0.77478980861943,1.01681062837078,0,0,0
21,0,0,0,0,0,0,0.0277119942477856,0.561134224221684,0,0.00554589289715157,1.00019250866378,1.01681062837078,0,0,0
21,0,0,0,0,0,0,0.0511442652320805,0.474923381225713,0,0.445241777132938,0.720145876540344,1.01681062837078,0,0,0
21,0,0,0,0,0,0,0.921578102875519,1.00093060829929,0,0.223540591085951,0.725759710037423,0.791020946720259,0,0,0
21,0,0,0,0,0,0,0.066764761360523,0.200050946262385,0,0.105931872356229,0.756876693366556,0.887404185839244,0,0,0
21,0,0,0,0,0,0,0.082429034930016,0.411792499969146,0,0.0055242717280199,0.529433355999471,0.95588103676318,0,0,0
21,0,0,0,0,0,0,0.0793834009849826,0.41595608213497,0,0.526282200118401,0.560804833560378,0.87554031160018,0,0,0
21,0,0,0,0,0,0,0.121614264233216,0.335760154321055,0,0.691465491784904,0.756876693366556,0.844061716655578,0,0,0
21,0,0,0,0,0,0,1.00479569395763,1.00338642274966,0,0.105937520880964,0.623547583764604,0.910328212852714,0,0,0
21,0,0,0,0,0,0,0.082429034930016,0.380421666956676,0,0.105937520880964,0.65520113689686,0.910328212852714,0,0,0
21,0,0,0,0,0,0,0.082429034930016,0.46085361954037,0,0.124609254520083,0.670880300090668,0.910328212852714,0,0,0
21,0,0,0,0,0,0,0.109362678174362,0.312800967304483,0,0.0720761431167893,0.592488122019484,0.910328212852714,0,0,0
21,0,0,0,0,0,0,0.109362678174362,1.00338642274966,0,0.744171142578125,0.757120786407083,0.990019658847322,0,0,0
21,0,0,0,0,0,0,1.00736398105296,1.00338642274966,0,0.0824304867715548,0.757120786407083,0.990019658847322,0,0,0
21,0,0,0,0,0,0,0.0794090253073984,0.545119196021201,0,0.147651842470337,0.0824304867715548,0.990019658847322,0,0,0
21,0,0,0,0,0,0,0.00556743010089506,0.294154355816572,0,0.134114825995389,0.741190874886173,1.01214006573232,0,0,0
21,0,0,0,0,0,0,0.00556743010089506,0.278469781727507,0,0.105931872356229,0.670604638704248,0.933018932891145,0,0,0
21,0,0,0,0,0,0,0.0511442652320805,0.247101190017187,0,0.105931872356229,0.0055242717280199,0.998372023111512,0,0,0
21,0,0,0,0,0,0,0.121615248282805,0.247101190017187,0,0.0055242717280199,0.082429034930016,1.02031136634276,0,0,0
21,0,0,0,0,0,0,0.121615248282805,0.247101190017187,0,0.0055242717280199,1.04924080586561,0.954720492581114,0,0,0
21,0,0,0,0,0,0,0.0667665538232225,0.233005106463391,0,0.0055242717280199,0.619889300066811,1.05807565929634,0,0,0
21,0,0,0,0,0,0,0.0667665538232225,0.97041329522214,0,0.105931872356229,0.939100869611976,1.07845922227276,0,0,0
21,0,0,0,0,0,0,0.0667665538232225,0.938248702937108,0,0.114310757686316,0.772801659259662,1.07845922227276,0,0,0
21,0,0,0,0,0,0,0.929551349515723,0.958359759638457,0,0.147651842470337,0.921578102875519,1.07845922227276,0,0,0
21,0,0,0,0,0,0,0.145133144173965,0.647841044223562,0,0.105937520880964,0.779772306323247,1.07845922227276,0,0,0
21,0,0,0,0,0,0,0.145133144173965,0.434050788441612,0,0.146830118961644,0.069478982128535,1.08749008552715,0,0,0
21,0,0,0,0,0,0,0.066764761360523,0.505056444522948,0,0.181304931640625,0.756876693366556,1.03995595832807,0,0,0
21,0,0,0,0,0,0,0.809496671458691,0.766569645332636,0,0.066764761360523,0.592175969738798,1.04438240885318,0,0,0
21,0,0,0,0,0,0,0.0433006688221051,0.619889300066811,0,0.247589382160668,0.531172165533245,1.08749008552715,0,0,0
21,0,0,0,0,0,0,0.121614264233216,0.474667040339709,0,0.146813001761953,0.607861672425155,0.971326693916785,0,0,0
21,0,0,0,0,0,0,0.121614264233216,0.789109031561075,0,0.105931872356229,0.543193510759954,1.08929830407144,0,0,0
21,0,0,0,0,0,0,0.145133144173965,0.712242789046252,0,0.159657900898212,0.0867869969900912,0.928193515799769,0,0,0
21,0,0,0,0,0,0,0.153781818905309,0.660066503287473,0,0.114310757686316,0.00556743010089506,1.04708836510922,0,0,0
21,0,0,0,0,0,0,0.153781818905309,0.831025902510711,0,0.0720761431167893,1.00019250866378,1.12780697844539,0,0,0
21,0,0,0,0,0,0,1.00092929309791,0.973578169828431,0,0.11644129001717,0.921578232734227,1.05871462967589,0,0,0
21,0,0,0,0,0,0,0.121614264233216,0.907523192436594,0,0.0867869969900912,0.74119071342309,0.899656023517179,0,0,0
21,0,0,0,0,0,0,0.121614264233216,0.828432002044825,0,0.644502147826721,0.74119071342309,0.809161599574215,0,0,0
21,0,0,0,0,0,0,0.147651842470337,0.529438102890978,0,0.0929448050829563,0.803934050678007,0.903749804076296,0,0,0
21,0,0,0,0,0,0,0.147651842470337,0.793773600882623,0,0.166816239494809,0.741688014404772,0.794507648062138,0,0,0
21,0,0,0,0,0,0,0.147651842470337,0.663136513316376,0,0.105931872356229,0.0337305532607901,1.08204597246228,0,0,0
21,0,0,0,0,0,0,1.00736398105296,0.875155316451783,0,0.105931872356229,0.93549273350171,1.04438240885318,0,0,0
21,0,0,0,0,0,0,0.121614264233216,0.767693492115883,0,1.00736029824285,0.531174643866022,1.07268316012202,0,0,0
21,0,0,0,0,0,0,0.105937520880964,0.678269694999239,0,0.983193404085605,0.782056341092672,0.818983625725321,0,0,0
21,0,0,0,0,0,0,0.0432979049209076,0.80010155290744,0,1.00000762936543,0.73334356298252,0.889134231222955,0,0,0
21,0,0,0,0,0,0,0.0667952266846672,0.677181235977806,0,0.0055242717280199,0.505049098907433,0.966374796912159,0,0,0
21,0,0,0,0,0,0,0.543200340554639,0.66239473571075,0,0.125099057197916,0.373894020429338,0.794507648062138,0,0,0
21,0,0,0,0,0,0,0.0277119942477856,0.898462147996569,0,0.00554589289715157,0.129483983771064,1.00138580330259,0,0,0
21,0,0,0,0,0,0,0.0277119942477856,0.737450185528959,0,0.505049098907433,0.21573360997267,0.963633694528303,0,0,0
21,0,0,0,0,0,0,0.0432979049209076,0.684768835714139,0,0.4588484146764,0.940865470162021,0.96395343415908,0,0,0
21,0,0,0,0,0,0,0.066764761360523,0.751086283457795,0,0.639522310736676,0.184367557957344,0.766289987845007,0,0,0
21,0,0,0,0,0,0,0.0055242717280199,0.738366185832859,0,0.0200138083861211,0.113806071982621,0.70752700001399,0,0,0
21,0,0,0,0,0,0,0.0055242717280199,0.553853614529708,0,0.00554589289715157,0.921578232734227,0.970376914050874,0,0,0
21,0,0,0,0,0,0,0.00554589289715157,0.877472027842401,0,0.0055242717280199,0.890206458749147,0.547447484810931,0,0,0
21,0,0,0,0,0,0,0.066764761360523,1.04924080586561,0,0.364736494323567,0.639233313964307,0.942530781489266,0,0,0
21,0,0,0,0,0,0,0.0277119942477856,1.03804150232363,0,0.0055242717280199,0.474533900197629,0.97246766655979,0,0,0
21,0,0,0,0,0,0,0.105937520880964,1.01284535518702,0,0.0055242717280199,0.625024432211405,0.99497836673,0,0,0
21,0,0,0,0,0,0,0.0055242717280199,1.02468077703137,0,0.0055242717280199,0.628947834156493,1.01001128938194,0,0,0
21,0,0,0,0,0,0,0.0055242717280199,0.509060255653687,0,0.0277119942477856,0.560804620161765,0.895545266573534,0,0,0
21,0,0,0,0,0,0,0.0055242717280199,0.898462147996569,0,0.832352028493708,0.545118976482106,0.778555073028166,0,0,0
21,0,0,0,0,0,0,0.0055242717280199,0.659135376889111,0,0.0277119942477856,0.490596449455597,1.04349946956348,0,0,0
21,0,0,0,0,0,0,0.0200138083861211,0.646697856915122,0,0.0720761431167893,0.623843847021724,0.949033437504656,0,0,0
21,0,0,0,0,0,0,0.129484908012968,1.00172945318244,0,0.0720761431167893,0.185367721098481,0.729105654218848,0,0,0
21,0,0,0,0,0,0,0.145164475110423,1.08447138010334,0,0.0277119942477856,0.310435258552077,0.992749265867706,0,0,0
21,0,0,0,0,0,0,0.098131976107433,0.433626253181361,0,0.0355242568148714,0.0667826838225625,0.844061716655578,0,0,0
21,0,0,0,0,0,0,0.0667665538232225,0.953726821308568,0,0.066764761360523,0.656325319628356,1.0496709467841,0,0,0
21,0,0,0,0,0,0,0.066764761360523,0.743100138507844,0,0.0942578863593396,0.656325319628356,0.928193515799769,0,0,0
21,0,0,0,0,0,0,0.082429034930016,0.765369098214008,0,0.066764761360523,0.578087571098813,0.932557957950394,0,0,0
21,0,0,0,0,0,0,0.0867869969900912,0.647841044223562,0,0.396106907900624,0.531172165533245,1.07845922227276,0,0,0
21,0,0,0,0,0,0,0.578089848300283,1.02468077703137,0,0.066764761360523,0.531172165533245,0.895545266573534,0,0,0
21,0,0,0,0,0,0,0.00554589289715157,0,0,0.145133144173965,0.531172165533245,0.94246449981211,0,0,0
21,0,0,0,0,0,0,0.875155316451783,0,0,0,0.531172165533245,0.850594399538223,0,0,0
21,0,0,0,0,0,0,0.082429034930016,0,0,0,0.0433006688221051,0.766613356991562,0,0,0
21,0,0,0,0,0,0,0,0,0,0,0.656325319628356,1.02692179209466,0,0,0
21,0,0,0,0,0,0,0,0,0,0,0.640674005500694,0,0,0,0
21,0,0,0,0,0,0,0,0,0,0,0.625024432211405,0,0,0,0
